{
  "regression": {
    "mse": 0.2803528708703118,
    "rmse": 0.5294835888583439,
    "mae": 0.36209939179544465
  },
  "classification": {
    "accuracy": 0.8608266617017315,
    "f1": 0.881649778340722,
    "confusion_matrix": [
      [
        7357,
        2379
      ],
      [
        611,
        11137
      ]
    ],
    "roc_auc": 0.9506516555275131
  },
  "recommender": {
    "accuracy": 0.7077825358406256
  },
  "created_at": "2025-12-16T15:07:33.425978Z"
}