{
  "main_aqi": {
    "bins": [
      1.0,
      1.8,
      2.6,
      3.4000000000000004,
      4.2,
      5.0
    ],
    "ref": [
      0.011640564075903302,
      0.0755215102677411,
      0.1681342604626982,
      0.19994476215232648,
      0.5447589030413309
    ]
  },
  "components_co": {
    "bins": [
      150.2,
      5674.36,
      11198.52,
      16722.68,
      22246.84,
      27771.0
    ],
    "ref": [
      0.9015385365219651,
      0.08589485313231089,
      0.010852612425266441,
      0.0015434104497010657,
      0.00017058747075643358
    ]
  },
  "components_no": {
    "bins": [
      0.0,
      137.32999999999998,
      274.65999999999997,
      411.98999999999995,
      549.3199999999999,
      686.65
    ],
    "ref": [
      0.9594976605146868,
      0.03383318170002599,
      0.005491291915778529,
      0.0010397712503249284,
      0.00013809461918377956
    ]
  },
  "components_no2": {
    "bins": [
      0.34,
      166.974,
      333.60799999999995,
      500.2419999999999,
      666.876,
      833.51
    ],
    "ref": [
      0.9537139329347544,
      0.04461268520925397,
      0.0014865479594489213,
      0.00017058747075643358,
      1.6246425786327007e-05
    ]
  },
  "components_o3": {
    "bins": [
      0.0,
      141.906,
      283.812,
      425.718,
      567.624,
      709.53
    ],
    "ref": [
      0.8797439563296074,
      0.1129613984923317,
      0.0066122952950350925,
      0.0006254873927735898,
      5.686249025214453e-05
    ]
  },
  "components_so2": {
    "bins": [
      0.16,
      31.408,
      62.656,
      93.904,
      125.152,
      156.4
    ],
    "ref": [
      0.9030575773329867,
      0.08162204315050689,
      0.012599103197296594,
      0.0023963478034832336,
      0.0003249285157265402
    ]
  },
  "components_pm2_5": {
    "bins": [
      0.5,
      393.40999999999997,
      786.3199999999999,
      1179.23,
      1572.1399999999999,
      1965.05
    ],
    "ref": [
      0.938645373017936,
      0.05427930855211854,
      0.006230504289056408,
      0.0007879516506368599,
      5.686249025214453e-05
    ]
  },
  "components_pm10": {
    "bins": [
      0.57,
      437.12399999999997,
      873.678,
      1310.2319999999997,
      1746.7859999999998,
      2183.34
    ],
    "ref": [
      0.9247221861190538,
      0.06616356901481674,
      0.008050103977125033,
      0.000982908760072784,
      8.123212893163505e-05
    ]
  },
  "components_nh3": {
    "bins": [
      0.0,
      77.82000000000001,
      155.64000000000001,
      233.46000000000004,
      311.28000000000003,
      389.1
    ],
    "ref": [
      0.9246734468416948,
      0.06549746555757734,
      0.008464387834676372,
      0.0012509747855471796,
      0.00011372498050428906
    ]
  },
  "temperature_2m": {
    "bins": [
      -9.0355,
      2.0115999999999996,
      13.0587,
      24.105800000000002,
      35.1529,
      46.2
    ],
    "ref": [
      0.00653918637899662,
      0.16347153626202235,
      0.3357405120873408,
      0.4411229529503509,
      0.053125812321289316
    ]
  },
  "relative_humidity_2m": {
    "bins": [
      2.2196848,
      21.77574784,
      41.331810880000006,
      60.88787392000001,
      80.44393696,
      100.0
    ],
    "ref": [
      0.1285579672472056,
      0.21732031453080322,
      0.2347527293995321,
      0.25989407330387315,
      0.15947491551858592
    ]
  },
  "dew_point_2m": {
    "bins": [
      -27.8355,
      -16.528399999999998,
      -5.221299999999999,
      6.0858000000000025,
      17.3929,
      28.7
    ],
    "ref": [
      0.002428840655055888,
      0.06835683649597088,
      0.25627112035352223,
      0.37785937093839356,
      0.2950838315570575
    ]
  },
  "precipitation": {
    "bins": [
      0.0,
      16.2,
      32.4,
      48.599999999999994,
      64.8,
      81.0
    ],
    "ref": [
      0.9998943982323889,
      7.310891603847154e-05,
      0.0,
      2.4369638679490513e-05,
      8.123212893163503e-06
    ]
  },
  "surface_pressure": {
    "bins": [
      825.69214,
      865.253712,
      904.815284,
      944.376856,
      983.9384279999999,
      1023.5
    ],
    "ref": [
      0.1999610085781128,
      0.0,
      0.038731479074603586,
      0.4637867169222771,
      0.2975207954250065
    ]
  },
  "wind_speed_10m": {
    "bins": [
      0.0,
      11.76,
      23.52,
      35.28,
      47.04,
      58.8
    ],
    "ref": [
      0.9125373667793085,
      0.08446516766311411,
      0.0027131531063166103,
      0.0002193267481154146,
      6.498570314530803e-05
    ]
  },
  "wind_direction_10m": {
    "bins": [
      1.0,
      72.8,
      144.6,
      216.39999999999998,
      288.2,
      360.0
    ],
    "ref": [
      0.1782639069404731,
      0.15930432804782949,
      0.14798056927475955,
      0.2666688328567715,
      0.24778236288016636
    ]
  },
  "shortwave_radiation": {
    "bins": [
      0.0,
      213.2,
      426.4,
      639.5999999999999,
      852.8,
      1066.0
    ],
    "ref": [
      0.6411895632960749,
      0.10233623602807382,
      0.11340817520145569,
      0.10295360020795424,
      0.04011242526644138
    ]
  },
  "hour": {
    "bins": [
      0.0,
      4.6,
      9.2,
      13.799999999999999,
      18.4,
      23.0
    ],
    "ref": [
      0.20827917858071224,
      0.20836041070964387,
      0.16672082141928776,
      0.20840102677410968,
      0.20823856251624642
    ]
  },
  "dayofweek": {
    "bins": [
      0.0,
      1.2,
      2.4,
      3.5999999999999996,
      4.8,
      6.0
    ],
    "ref": [
      0.28747238107616324,
      0.1432528593709384,
      0.14329347543540422,
      0.14329347543540422,
      0.2826878086820899
    ]
  },
  "month": {
    "bins": [
      1.0,
      3.2,
      5.4,
      7.6000000000000005,
      9.8,
      12.0
    ],
    "ref": [
      0.2582775539381336,
      0.17760592669612685,
      0.14410579672472057,
      0.15490966987262803,
      0.26510105276839097
    ]
  },
  "is_weekend": {
    "bins": [
      0.0,
      0.2,
      0.4,
      0.6000000000000001,
      0.8,
      1.0
    ],
    "ref": [
      0.71731219131791,
      0.0,
      0.0,
      0.0,
      0.2826878086820899
    ]
  },
  "main_aqi_lag_1": {
    "bins": [
      1.0,
      1.8,
      2.6,
      3.4000000000000004,
      4.2,
      5.0
    ],
    "ref": [
      0.011640564075903302,
      0.07551338705484793,
      0.16811801403691187,
      0.19993663893943334,
      0.5447913958929036
    ]
  },
  "main_aqi_lag_2": {
    "bins": [
      1.0,
      1.8,
      2.6,
      3.4000000000000004,
      4.2,
      5.0
    ],
    "ref": [
      0.011640564075903302,
      0.07549714062906161,
      0.16810989082401873,
      0.19992851572654016,
      0.5448238887444762
    ]
  },
  "main_aqi_lag_3": {
    "bins": [
      1.0,
      1.8,
      2.6,
      3.4000000000000004,
      4.2,
      5.0
    ],
    "ref": [
      0.011640564075903302,
      0.07548901741616844,
      0.16810176761112555,
      0.19991226930075384,
      0.5448563815960489
    ]
  },
  "components_pm2_5_lag_1": {
    "bins": [
      0.5,
      393.40999999999997,
      786.3199999999999,
      1179.23,
      1572.1399999999999,
      1965.05
    ],
    "ref": [
      0.938645373017936,
      0.05427930855211854,
      0.006230504289056408,
      0.0007879516506368599,
      5.686249025214453e-05
    ]
  },
  "components_pm2_5_lag_2": {
    "bins": [
      0.5,
      393.40999999999997,
      786.3199999999999,
      1179.23,
      1572.1399999999999,
      1965.05
    ],
    "ref": [
      0.938645373017936,
      0.05427930855211854,
      0.006230504289056408,
      0.0007879516506368599,
      5.686249025214453e-05
    ]
  },
  "components_pm2_5_lag_3": {
    "bins": [
      0.5,
      393.40999999999997,
      786.3199999999999,
      1179.23,
      1572.1399999999999,
      1965.05
    ],